create database bloodbank;

use bloodbank;
-- 1. BloodBanks: Holds details of each blood bank.
CREATE TABLE BloodBanks (
    bloodBankID INT AUTO_INCREMENT PRIMARY KEY,
    bankName VARCHAR(100) NOT NULL,
    address VARCHAR(200) NOT NULL,
    city VARCHAR(100),
    state VARCHAR(100),
    contact VARCHAR(50)
);

-- 2. BloodInventory: Tracks the inventory per blood bank and blood type.
CREATE TABLE BloodInventory (
    bloodBankID INT,
    bloodType VARCHAR(5),
    quantity INT NOT NULL,
    PRIMARY KEY (bloodBankID, bloodType),
    FOREIGN KEY (bloodBankID) REFERENCES BloodBanks(bloodBankID)
);

-- 3. Donors: Stores donor information.
CREATE TABLE Donors (
    donorID INT AUTO_INCREMENT PRIMARY KEY,
    name VARCHAR(100) NOT NULL,
    bloodType VARCHAR(5) NOT NULL,
    address VARCHAR(200),
    city VARCHAR(100),
    state VARCHAR(100),
    contact VARCHAR(50)
);

-- 4. Recipients: Stores recipient information.
CREATE TABLE Recipients (
    recipientID INT AUTO_INCREMENT PRIMARY KEY,
    name VARCHAR(100) NOT NULL,
    bloodType VARCHAR(5) NOT NULL,
    address VARCHAR(200),
    city VARCHAR(100),
    state VARCHAR(100),
    contact VARCHAR(50)
);

-- 5. DonationEvents: Logs each donation event.
CREATE TABLE DonationEvents (
    donationID INT AUTO_INCREMENT PRIMARY KEY,
    donorID INT NOT NULL,
    bloodBankID INT NOT NULL,
    bloodType VARCHAR(5) NOT NULL,
    quantity INT NOT NULL,
    donationDate DATE NOT NULL,
    FOREIGN KEY (donorID) REFERENCES Donors(donorID),
    FOREIGN KEY (bloodBankID) REFERENCES BloodBanks(bloodBankID)
);

-- 6. BloodRequests: Records blood requests along with location and assignment details.
CREATE TABLE BloodRequests (
    requestID INT AUTO_INCREMENT PRIMARY KEY,
    recipientID INT,  -- Optional if the requester is registered as a recipient
    recipientName VARCHAR(100) NOT NULL,
    bloodType VARCHAR(5) NOT NULL,
    requiredQuantity INT NOT NULL,
    requestDate DATE NOT NULL,
    address VARCHAR(200),
    city VARCHAR(100),
    state VARCHAR(100),
    contact VARCHAR(50),
    status VARCHAR(20) DEFAULT 'Pending',  -- e.g., Pending, Approved, Rejected
    assignedBloodBankID INT,
    FOREIGN KEY (recipientID) REFERENCES Recipients(recipientID),
    FOREIGN KEY (assignedBloodBankID) REFERENCES BloodBanks(bloodBankID)
);

-- 7. BloodTransfers: Captures transfers between blood banks.
CREATE TABLE BloodTransfers (
    transferID INT AUTO_INCREMENT PRIMARY KEY,
    fromBankID INT NOT NULL,
    toBankID INT NOT NULL,
    bloodType VARCHAR(5) NOT NULL,
    quantity INT NOT NULL,
    transferDate DATE NOT NULL,
    FOREIGN KEY (fromBankID) REFERENCES BloodBanks(bloodBankID),
    FOREIGN KEY (toBankID) REFERENCES BloodBanks(bloodBankID)
);

-- 8. Staff: Stores staff credentials and details.
CREATE TABLE Staff (
    staffID VARCHAR(50) PRIMARY KEY,
    name VARCHAR(100) NOT NULL,
    password VARCHAR(50) NOT NULL,
    contact VARCHAR(50),
    role VARCHAR(50)  -- e.g., Manager, Technician, etc.
);

INSERT INTO BloodBanks (bankName, address, city, state, contact) VALUES
('Pune Blood Bank #1', '100 MG Road, Pune', 'Pune', 'Maharashtra', '020-1111001'),
('Pune Blood Bank #2', '101 MG Road, Pune', 'Pune', 'Maharashtra', '020-1111002'),
('Pune Blood Bank #3', '102 MG Road, Pune', 'Pune', 'Maharashtra', '020-1111003'),
('Pune Blood Bank #4', '103 MG Road, Pune', 'Pune', 'Maharashtra', '020-1111004'),
('Pune Blood Bank #5', '104 MG Road, Pune', 'Pune', 'Maharashtra', '020-1111005'),
('Pune Blood Bank #6', '105 MG Road, Pune', 'Pune', 'Maharashtra', '020-1111006'),
('Pune Blood Bank #7', '106 MG Road, Pune', 'Pune', 'Maharashtra', '020-1111007'),
('Pune Blood Bank #8', '107 MG Road, Pune', 'Pune', 'Maharashtra', '020-1111008'),
('Pune Blood Bank #9', '108 MG Road, Pune', 'Pune', 'Maharashtra', '020-1111009'),
('Pune Blood Bank #10', '109 MG Road, Pune', 'Pune', 'Maharashtra', '020-1111010'),
('Pune Blood Bank #11', '110 FC Road, Pune', 'Pune', 'Maharashtra', '020-1111011'),
('Pune Blood Bank #12', '111 FC Road, Pune', 'Pune', 'Maharashtra', '020-1111012'),
('Pune Blood Bank #13', '112 FC Road, Pune', 'Pune', 'Maharashtra', '020-1111013'),
('Pune Blood Bank #14', '113 FC Road, Pune', 'Pune', 'Maharashtra', '020-1111014'),
('Pune Blood Bank #15', '114 FC Road, Pune', 'Pune', 'Maharashtra', '020-1111015'),
('Pune Blood Bank #16', '115 FC Road, Pune', 'Pune', 'Maharashtra', '020-1111016'),
('Pune Blood Bank #17', '116 FC Road, Pune', 'Pune', 'Maharashtra', '020-1111017'),
('Pune Blood Bank #18', '117 FC Road, Pune', 'Pune', 'Maharashtra', '020-1111018'),
('Pune Blood Bank #19', '118 FC Road, Pune', 'Pune', 'Maharashtra', '020-1111019'),
('Pune Blood Bank #20', '119 FC Road, Pune', 'Pune', 'Maharashtra', '020-1111020'),
('Pune Blood Bank #21', '120 JM Road, Pune', 'Pune', 'Maharashtra', '020-1111021'),
('Pune Blood Bank #22', '121 JM Road, Pune', 'Pune', 'Maharashtra', '020-1111022'),
('Pune Blood Bank #23', '122 JM Road, Pune', 'Pune', 'Maharashtra', '020-1111023'),
('Pune Blood Bank #24', '123 JM Road, Pune', 'Pune', 'Maharashtra', '020-1111024'),
('Pune Blood Bank #25', '124 JM Road, Pune', 'Pune', 'Maharashtra', '020-1111025'),
('Pune Blood Bank #26', '125 JM Road, Pune', 'Pune', 'Maharashtra', '020-1111026'),
('Pune Blood Bank #27', '126 JM Road, Pune', 'Pune', 'Maharashtra', '020-1111027'),
('Pune Blood Bank #28', '127 JM Road, Pune', 'Pune', 'Maharashtra', '020-1111028'),
('Pune Blood Bank #29', '128 JM Road, Pune', 'Pune', 'Maharashtra', '020-1111029'),
('Pune Blood Bank #30', '129 JM Road, Pune', 'Pune', 'Maharashtra', '020-1111030'),
('Pune Blood Bank #31', '130 FC Road, Pune', 'Pune', 'Maharashtra', '020-1111031'),
('Pune Blood Bank #32', '131 FC Road, Pune', 'Pune', 'Maharashtra', '020-1111032'),
('Pune Blood Bank #33', '132 FC Road, Pune', 'Pune', 'Maharashtra', '020-1111033'),
('Pune Blood Bank #34', '133 FC Road, Pune', 'Pune', 'Maharashtra', '020-1111034'),
('Pune Blood Bank #35', '134 FC Road, Pune', 'Pune', 'Maharashtra', '020-1111035'),
('Pune Blood Bank #36', '135 FC Road, Pune', 'Pune', 'Maharashtra', '020-1111036'),
('Pune Blood Bank #37', '136 FC Road, Pune', 'Pune', 'Maharashtra', '020-1111037'),
('Pune Blood Bank #38', '137 FC Road, Pune', 'Pune', 'Maharashtra', '020-1111038'),
('Pune Blood Bank #39', '138 FC Road, Pune', 'Pune', 'Maharashtra', '020-1111039'),
('Pune Blood Bank #40', '139 FC Road, Pune', 'Pune', 'Maharashtra', '020-1111040'),
('Pune Blood Bank #41', '140 JM Road, Pune', 'Pune', 'Maharashtra', '020-1111041'),
('Pune Blood Bank #42', '141 JM Road, Pune', 'Pune', 'Maharashtra', '020-1111042'),
('Pune Blood Bank #43', '142 JM Road, Pune', 'Pune', 'Maharashtra', '020-1111043'),
('Pune Blood Bank #44', '143 JM Road, Pune', 'Pune', 'Maharashtra', '020-1111044'),
('Pune Blood Bank #45', '144 JM Road, Pune', 'Pune', 'Maharashtra', '020-1111045'),
('Pune Blood Bank #46', '145 JM Road, Pune', 'Pune', 'Maharashtra', '020-1111046'),
('Pune Blood Bank #47', '146 JM Road, Pune', 'Pune', 'Maharashtra', '020-1111047'),
('Pune Blood Bank #48', '147 JM Road, Pune', 'Pune', 'Maharashtra', '020-1111048'),
('Pune Blood Bank #49', '148 JM Road, Pune', 'Pune', 'Maharashtra', '020-1111049'),
('Pune Blood Bank #50', '149 JM Road, Pune', 'Pune', 'Maharashtra', '020-1111050');

INSERT INTO BloodInventory (bloodBankID, bloodType, quantity) VALUES
(1, 'A', 25),
(2, 'B', 30),
(3, 'AB', 20),
(4, 'O', 35),
(5, 'A', 28),
(6, 'B', 32),
(7, 'AB', 22),
(8, 'O', 40),
(9, 'A', 27),
(10, 'B', 33),
(11, 'AB', 26),
(12, 'O', 38),
(13, 'A', 24),
(14, 'B', 31),
(15, 'AB', 29),
(16, 'O', 36),
(17, 'A', 30),
(18, 'B', 34),
(19, 'AB', 21),
(20, 'O', 39),
(21, 'A', 23),
(22, 'B', 37),
(23, 'AB', 25),
(24, 'O', 32),
(25, 'A', 26),
(26, 'B', 28),
(27, 'AB', 30),
(28, 'O', 35),
(29, 'A', 29),
(30, 'B', 33),
(31, 'AB', 27),
(32, 'O', 31),
(33, 'A', 24),
(34, 'B', 36),
(35, 'AB', 22),
(36, 'O', 34),
(37, 'A', 28),
(38, 'B', 32),
(39, 'AB', 30),
(40, 'O', 37),
(41, 'A', 26),
(42, 'B', 29),
(43, 'AB', 25),
(44, 'O', 33),
(45, 'A', 27),
(46, 'B', 35),
(47, 'AB', 23),
(48, 'O', 38),
(49, 'A', 30),
(50, 'B', 34);

INSERT INTO Donors (name, bloodType, address, city, state, contact) VALUES
('Donor1', 'A', '1 Wakad, Pune', 'Pune', 'Maharashtra', '987650001'),
('Donor2', 'B', '2 Wakad, Pune', 'Pune', 'Maharashtra', '987650002'),
('Donor3', 'AB', '3 Wakad, Pune', 'Pune', 'Maharashtra', '987650003'),
('Donor4', 'O', '4 Wakad, Pune', 'Pune', 'Maharashtra', '987650004'),
('Donor5', 'A', '5 Wakad, Pune', 'Pune', 'Maharashtra', '987650005'),
('Donor6', 'B', '6 Wakad, Pune', 'Pune', 'Maharashtra', '987650006'),
('Donor7', 'AB', '7 Wakad, Pune', 'Pune', 'Maharashtra', '987650007'),
('Donor8', 'O', '8 Wakad, Pune', 'Pune', 'Maharashtra', '987650008'),
('Donor9', 'A', '9 Wakad, Pune', 'Pune', 'Maharashtra', '987650009'),
('Donor10', 'B', '10 Wakad, Pune', 'Pune', 'Maharashtra', '987650010'),
('Donor11', 'AB', '11 Wakad, Pune', 'Pune', 'Maharashtra', '987650011'),
('Donor12', 'O', '12 Wakad, Pune', 'Pune', 'Maharashtra', '987650012'),
('Donor13', 'A', '13 Wakad, Pune', 'Pune', 'Maharashtra', '987650013'),
('Donor14', 'B', '14 Wakad, Pune', 'Pune', 'Maharashtra', '987650014'),
('Donor15', 'AB', '15 Wakad, Pune', 'Pune', 'Maharashtra', '987650015'),
('Donor16', 'O', '16 Wakad, Pune', 'Pune', 'Maharashtra', '987650016'),
('Donor17', 'A', '17 Wakad, Pune', 'Pune', 'Maharashtra', '987650017'),
('Donor18', 'B', '18 Wakad, Pune', 'Pune', 'Maharashtra', '987650018'),
('Donor19', 'AB', '19 Wakad, Pune', 'Pune', 'Maharashtra', '987650019'),
('Donor20', 'O', '20 Wakad, Pune', 'Pune', 'Maharashtra', '987650020'),
('Donor21', 'A', '21 Wakad, Pune', 'Pune', 'Maharashtra', '987650021'),
('Donor22', 'B', '22 Wakad, Pune', 'Pune', 'Maharashtra', '987650022'),
('Donor23', 'AB', '23 Wakad, Pune', 'Pune', 'Maharashtra', '987650023'),
('Donor24', 'O', '24 Wakad, Pune', 'Pune', 'Maharashtra', '987650024'),
('Donor25', 'A', '25 Wakad, Pune', 'Pune', 'Maharashtra', '987650025'),
('Donor26', 'B', '26 Wakad, Pune', 'Pune', 'Maharashtra', '987650026'),
('Donor27', 'AB', '27 Wakad, Pune', 'Pune', 'Maharashtra', '987650027'),
('Donor28', 'O', '28 Wakad, Pune', 'Pune', 'Maharashtra', '987650028'),
('Donor29', 'A', '29 Wakad, Pune', 'Pune', 'Maharashtra', '987650029'),
('Donor30', 'B', '30 Wakad, Pune', 'Pune', 'Maharashtra', '987650030'),
('Donor31', 'AB', '31 Wakad, Pune', 'Pune', 'Maharashtra', '987650031'),
('Donor32', 'O', '32 Wakad, Pune', 'Pune', 'Maharashtra', '987650032'),
('Donor33', 'A', '33 Wakad, Pune', 'Pune', 'Maharashtra', '987650033'),
('Donor34', 'B', '34 Wakad, Pune', 'Pune', 'Maharashtra', '987650034'),
('Donor35', 'AB', '35 Wakad, Pune', 'Pune', 'Maharashtra', '987650035'),
('Donor36', 'O', '36 Wakad, Pune', 'Pune', 'Maharashtra', '987650036'),
('Donor37', 'A', '37 Wakad, Pune', 'Pune', 'Maharashtra', '987650037'),
('Donor38', 'B', '38 Wakad, Pune', 'Pune', 'Maharashtra', '987650038'),
('Donor39', 'AB', '39 Wakad, Pune', 'Pune', 'Maharashtra', '987650039'),
('Donor40', 'O', '40 Wakad, Pune', 'Pune', 'Maharashtra', '987650040'),
('Donor41', 'A', '41 Wakad, Pune', 'Pune', 'Maharashtra', '987650041'),
('Donor42', 'B', '42 Wakad, Pune', 'Pune', 'Maharashtra', '987650042'),
('Donor43', 'AB', '43 Wakad, Pune', 'Pune', 'Maharashtra', '987650043'),
('Donor44', 'O', '44 Wakad, Pune', 'Pune', 'Maharashtra', '987650044'),
('Donor45', 'A', '45 Wakad, Pune', 'Pune', 'Maharashtra', '987650045'),
('Donor46', 'B', '46 Wakad, Pune', 'Pune', 'Maharashtra', '987650046'),
('Donor47', 'AB', '47 Wakad, Pune', 'Pune', 'Maharashtra', '987650047'),
('Donor48', 'O', '48 Wakad, Pune', 'Pune', 'Maharashtra', '987650048'),
('Donor49', 'A', '49 Wakad, Pune', 'Pune', 'Maharashtra', '987650049'),
('Donor50', 'B', '50 Wakad, Pune', 'Pune', 'Maharashtra', '987650050');

INSERT INTO Recipients (name, bloodType, address, city, state, contact) VALUES
('Recipient1', 'A', '1 Hinjewadi, Pune', 'Pune', 'Maharashtra', '912340001'),
('Recipient2', 'B', '2 Hinjewadi, Pune', 'Pune', 'Maharashtra', '912340002'),
('Recipient3', 'AB', '3 Hinjewadi, Pune', 'Pune', 'Maharashtra', '912340003'),
('Recipient4', 'O', '4 Hinjewadi, Pune', 'Pune', 'Maharashtra', '912340004'),
('Recipient5', 'A', '5 Hinjewadi, Pune', 'Pune', 'Maharashtra', '912340005'),
('Recipient6', 'B', '6 Hinjewadi, Pune', 'Pune', 'Maharashtra', '912340006'),
('Recipient7', 'AB', '7 Hinjewadi, Pune', 'Pune', 'Maharashtra', '912340007'),
('Recipient8', 'O', '8 Hinjewadi, Pune', 'Pune', 'Maharashtra', '912340008'),
('Recipient9', 'A', '9 Hinjewadi, Pune', 'Pune', 'Maharashtra', '912340009'),
('Recipient10', 'B', '10 Hinjewadi, Pune', 'Pune', 'Maharashtra', '912340010'),
('Recipient11', 'AB', '11 Hinjewadi, Pune', 'Pune', 'Maharashtra', '912340011'),
('Recipient12', 'O', '12 Hinjewadi, Pune', 'Pune', 'Maharashtra', '912340012'),
('Recipient13', 'A', '13 Hinjewadi, Pune', 'Pune', 'Maharashtra', '912340013'),
('Recipient14', 'B', '14 Hinjewadi, Pune', 'Pune', 'Maharashtra', '912340014'),
('Recipient15', 'AB', '15 Hinjewadi, Pune', 'Pune', 'Maharashtra', '912340015'),
('Recipient16', 'O', '16 Hinjewadi, Pune', 'Pune', 'Maharashtra', '912340016'),
('Recipient17', 'A', '17 Hinjewadi, Pune', 'Pune', 'Maharashtra', '912340017'),
('Recipient18', 'B', '18 Hinjewadi, Pune', 'Pune', 'Maharashtra', '912340018'),
('Recipient19', 'AB', '19 Hinjewadi, Pune', 'Pune', 'Maharashtra', '912340019'),
('Recipient20', 'O', '20 Hinjewadi, Pune', 'Pune', 'Maharashtra', '912340020'),
('Recipient21', 'A', '21 Hinjewadi, Pune', 'Pune', 'Maharashtra', '912340021'),
('Recipient22', 'B', '22 Hinjewadi, Pune', 'Pune', 'Maharashtra', '912340022'),
('Recipient23', 'AB', '23 Hinjewadi, Pune', 'Pune', 'Maharashtra', '912340023'),
('Recipient24', 'O', '24 Hinjewadi, Pune', 'Pune', 'Maharashtra', '912340024'),
('Recipient25', 'A', '25 Hinjewadi, Pune', 'Pune', 'Maharashtra', '912340025'),
('Recipient26', 'B', '26 Hinjewadi, Pune', 'Pune', 'Maharashtra', '912340026'),
('Recipient27', 'AB', '27 Hinjewadi, Pune', 'Pune', 'Maharashtra', '912340027'),
('Recipient28', 'O', '28 Hinjewadi, Pune', 'Pune', 'Maharashtra', '912340028'),
('Recipient29', 'A', '29 Hinjewadi, Pune', 'Pune', 'Maharashtra', '912340029'),
('Recipient30', 'B', '30 Hinjewadi, Pune', 'Pune', 'Maharashtra', '912340030'),
('Recipient31', 'AB', '31 Hinjewadi, Pune', 'Pune', 'Maharashtra', '912340031'),
('Recipient32', 'O', '32 Hinjewadi, Pune', 'Pune', 'Maharashtra', '912340032'),
('Recipient33', 'A', '33 Hinjewadi, Pune', 'Pune', 'Maharashtra', '912340033'),
('Recipient34', 'B', '34 Hinjewadi, Pune', 'Pune', 'Maharashtra', '912340034'),
('Recipient35', 'AB', '35 Hinjewadi, Pune', 'Pune', 'Maharashtra', '912340035'),
('Recipient36', 'O', '36 Hinjewadi, Pune', 'Pune', 'Maharashtra', '912340036'),
('Recipient37', 'A', '37 Hinjewadi, Pune', 'Pune', 'Maharashtra', '912340037'),
('Recipient38', 'B', '38 Hinjewadi, Pune', 'Pune', 'Maharashtra', '912340038'),
('Recipient39', 'AB', '39 Hinjewadi, Pune', 'Pune', 'Maharashtra', '912340039'),
('Recipient40', 'O', '40 Hinjewadi, Pune', 'Pune', 'Maharashtra', '912340040'),
('Recipient41', 'A', '41 Hinjewadi, Pune', 'Pune', 'Maharashtra', '912340041'),
('Recipient42', 'B', '42 Hinjewadi, Pune', 'Pune', 'Maharashtra', '912340042'),
('Recipient43', 'AB', '43 Hinjewadi, Pune', 'Pune', 'Maharashtra', '912340043'),
('Recipient44', 'O', '44 Hinjewadi, Pune', 'Pune', 'Maharashtra', '912340044'),
('Recipient45', 'A', '45 Hinjewadi, Pune', 'Pune', 'Maharashtra', '912340045'),
('Recipient46', 'B', '46 Hinjewadi, Pune', 'Pune', 'Maharashtra', '912340046'),
('Recipient47', 'AB', '47 Hinjewadi, Pune', 'Pune', 'Maharashtra', '912340047'),
('Recipient48', 'O', '48 Hinjewadi, Pune', 'Pune', 'Maharashtra', '912340048'),
('Recipient49', 'A', '49 Hinjewadi, Pune', 'Pune', 'Maharashtra', '912340049'),
('Recipient50', 'B', '50 Hinjewadi, Pune', 'Pune', 'Maharashtra', '912340050');

INSERT INTO DonationEvents (donorID, bloodBankID, bloodType, quantity, donationDate) VALUES
(1, 1, 'A', 2, '2023-01-05'),
(2, 2, 'B', 1, '2023-01-06'),
(3, 3, 'AB', 2, '2023-01-07'),
(4, 4, 'O', 3, '2023-01-08'),
(5, 5, 'A', 1, '2023-01-09'),
(6, 6, 'B', 2, '2023-01-10'),
(7, 7, 'AB', 2, '2023-01-11'),
(8, 8, 'O', 1, '2023-01-12'),
(9, 9, 'A', 3, '2023-01-13'),
(10, 10, 'B', 1, '2023-01-14'),
(11, 11, 'AB', 2, '2023-01-15'),
(12, 12, 'O', 2, '2023-01-16'),
(13, 13, 'A', 1, '2023-01-17'),
(14, 14, 'B', 2, '2023-01-18'),
(15, 15, 'AB', 3, '2023-01-19'),
(16, 16, 'O', 1, '2023-01-20'),
(17, 17, 'A', 2, '2023-01-21'),
(18, 18, 'B', 1, '2023-01-22'),
(19, 19, 'AB', 2, '2023-01-23'),
(20, 20, 'O', 3, '2023-01-24'),
(21, 21, 'A', 1, '2023-01-25'),
(22, 22, 'B', 2, '2023-01-26'),
(23, 23, 'AB', 1, '2023-01-27'),
(24, 24, 'O', 2, '2023-01-28'),
(25, 25, 'A', 2, '2023-01-29'),
(26, 26, 'B', 1, '2023-01-30'),
(27, 27, 'AB', 3, '2023-02-01'),
(28, 28, 'O', 1, '2023-02-02'),
(29, 29, 'A', 2, '2023-02-03'),
(30, 30, 'B', 2, '2023-02-04'),
(31, 31, 'AB', 1, '2023-02-05'),
(32, 32, 'O', 3, '2023-02-06'),
(33, 33, 'A', 2, '2023-02-07'),
(34, 34, 'B', 1, '2023-02-08'),
(35, 35, 'AB', 2, '2023-02-09'),
(36, 36, 'O', 1, '2023-02-10'),
(37, 37, 'A', 3, '2023-02-11'),
(38, 38, 'B', 2, '2023-02-12'),
(39, 39, 'AB', 1, '2023-02-13'),
(40, 40, 'O', 2, '2023-02-14'),
(41, 41, 'A', 1, '2023-02-15'),
(42, 42, 'B', 2, '2023-02-16'),
(43, 43, 'AB', 3, '2023-02-17'),
(44, 44, 'O', 1, '2023-02-18'),
(45, 45, 'A', 2, '2023-02-19'),
(46, 46, 'B', 1, '2023-02-20'),
(47, 47, 'AB', 2, '2023-02-21'),
(48, 48, 'O', 3, '2023-02-22'),
(49, 49, 'A', 1, '2023-02-23'),
(50, 50, 'B', 2, '2023-02-24');

INSERT INTO BloodRequests (recipientID, recipientName, bloodType, requiredQuantity, requestDate, address, city, state, contact, status, assignedBloodBankID) VALUES
(1, 'Recipient1', 'A', 1, '2023-03-01', '1 Hinjewadi, Pune', 'Pune', 'Maharashtra', '912340001', 'Pending', 1),
(2, 'Recipient2', 'B', 2, '2023-03-02', '2 Hinjewadi, Pune', 'Pune', 'Maharashtra', '912340002', 'Approved', 2),
(3, 'Recipient3', 'AB', 1, '2023-03-03', '3 Hinjewadi, Pune', 'Pune', 'Maharashtra', '912340003', 'Pending', 3),
(4, 'Recipient4', 'O', 2, '2023-03-04', '4 Hinjewadi, Pune', 'Pune', 'Maharashtra', '912340004', 'Approved', 4),
(5, 'Recipient5', 'A', 1, '2023-03-05', '5 Hinjewadi, Pune', 'Pune', 'Maharashtra', '912340005', 'Pending', 5),
(6, 'Recipient6', 'B', 2, '2023-03-06', '6 Hinjewadi, Pune', 'Pune', 'Maharashtra', '912340006', 'Approved', 6),
(7, 'Recipient7', 'AB', 1, '2023-03-07', '7 Hinjewadi, Pune', 'Pune', 'Maharashtra', '912340007', 'Pending', 7),
(8, 'Recipient8', 'O', 2, '2023-03-08', '8 Hinjewadi, Pune', 'Pune', 'Maharashtra', '912340008', 'Approved', 8),
(9, 'Recipient9', 'A', 1, '2023-03-09', '9 Hinjewadi, Pune', 'Pune', 'Maharashtra', '912340009', 'Pending', 9),
(10, 'Recipient10', 'B', 2, '2023-03-10', '10 Hinjewadi, Pune', 'Pune', 'Maharashtra', '912340010', 'Approved', 10),
(11, 'Recipient11', 'AB', 1, '2023-03-11', '11 Hinjewadi, Pune', 'Pune', 'Maharashtra', '912340011', 'Pending', 11),
(12, 'Recipient12', 'O', 2, '2023-03-12', '12 Hinjewadi, Pune', 'Pune', 'Maharashtra', '912340012', 'Approved', 12),
(13, 'Recipient13', 'A', 1, '2023-03-13', '13 Hinjewadi, Pune', 'Pune', 'Maharashtra', '912340013', 'Pending', 13),
(14, 'Recipient14', 'B', 2, '2023-03-14', '14 Hinjewadi, Pune', 'Pune', 'Maharashtra', '912340014', 'Approved', 14),
(15, 'Recipient15', 'AB', 1, '2023-03-15', '15 Hinjewadi, Pune', 'Pune', 'Maharashtra', '912340015', 'Pending', 15),
(16, 'Recipient16', 'O', 2, '2023-03-16', '16 Hinjewadi, Pune', 'Pune', 'Maharashtra', '912340016', 'Approved', 16),
(17, 'Recipient17', 'A', 1, '2023-03-17', '17 Hinjewadi, Pune', 'Pune', 'Maharashtra', '912340017', 'Pending', 17),
(18, 'Recipient18', 'B', 2, '2023-03-18', '18 Hinjewadi, Pune', 'Pune', 'Maharashtra', '912340018', 'Approved', 18),
(19, 'Recipient19', 'AB', 1, '2023-03-19', '19 Hinjewadi, Pune', 'Pune', 'Maharashtra', '912340019', 'Pending', 19),
(20, 'Recipient20', 'O', 2, '2023-03-20', '20 Hinjewadi, Pune', 'Pune', 'Maharashtra', '912340020', 'Approved', 20),
(21, 'Recipient21', 'A', 1, '2023-03-21', '21 Hinjewadi, Pune', 'Pune', 'Maharashtra', '912340021', 'Pending', 21),
(22, 'Recipient22', 'B', 2, '2023-03-22', '22 Hinjewadi, Pune', 'Pune', 'Maharashtra', '912340022', 'Approved', 22),
(23, 'Recipient23', 'AB', 1, '2023-03-23', '23 Hinjewadi, Pune', 'Pune', 'Maharashtra', '912340023', 'Pending', 23),
(24, 'Recipient24', 'O', 2, '2023-03-24', '24 Hinjewadi, Pune', 'Pune', 'Maharashtra', '912340024', 'Approved', 24),
(25, 'Recipient25', 'A', 1, '2023-03-25', '25 Hinjewadi, Pune', 'Pune', 'Maharashtra', '912340025', 'Pending', 25),
(26, 'Recipient26', 'B', 2, '2023-03-26', '26 Hinjewadi, Pune', 'Pune', 'Maharashtra', '912340026', 'Approved', 26),
(27, 'Recipient27', 'AB', 1, '2023-03-27', '27 Hinjewadi, Pune', 'Pune', 'Maharashtra', '912340027', 'Pending', 27),
(28, 'Recipient28', 'O', 2, '2023-03-28', '28 Hinjewadi, Pune', 'Pune', 'Maharashtra', '912340028', 'Approved', 28),
(29, 'Recipient29', 'A', 1, '2023-03-29', '29 Hinjewadi, Pune', 'Pune', 'Maharashtra', '912340029', 'Pending', 29),
(30, 'Recipient30', 'B', 2, '2023-03-30', '30 Hinjewadi, Pune', 'Pune', 'Maharashtra', '912340030', 'Approved', 30),
(31, 'Recipient31', 'AB', 1, '2023-03-31', '31 Hinjewadi, Pune', 'Pune', 'Maharashtra', '912340031', 'Pending', 31),
(32, 'Recipient32', 'O', 2, '2023-04-01', '32 Hinjewadi, Pune', 'Pune', 'Maharashtra', '912340032', 'Approved', 32),
(33, 'Recipient33', 'A', 1, '2023-04-02', '33 Hinjewadi, Pune', 'Pune', 'Maharashtra', '912340033', 'Pending', 33),
(34, 'Recipient34', 'B', 2, '2023-04-03', '34 Hinjewadi, Pune', 'Pune', 'Maharashtra', '912340034', 'Approved', 34),
(35, 'Recipient35', 'AB', 1, '2023-04-04', '35 Hinjewadi, Pune', 'Pune', 'Maharashtra', '912340035', 'Pending', 35),
(36, 'Recipient36', 'O', 2, '2023-04-05', '36 Hinjewadi, Pune', 'Pune', 'Maharashtra', '912340036', 'Approved', 36),
(37, 'Recipient37', 'A', 1, '2023-04-06', '37 Hinjewadi, Pune', 'Pune', 'Maharashtra', '912340037', 'Pending', 37),
(38, 'Recipient38', 'B', 2, '2023-04-07', '38 Hinjewadi, Pune', 'Pune', 'Maharashtra', '912340038', 'Approved', 38),
(39, 'Recipient39', 'AB', 1, '2023-04-08', '39 Hinjewadi, Pune', 'Pune', 'Maharashtra', '912340039', 'Pending', 39),
(40, 'Recipient40', 'O', 2, '2023-04-09', '40 Hinjewadi, Pune', 'Pune', 'Maharashtra', '912340040', 'Approved', 40),
(41, 'Recipient41', 'A', 1, '2023-04-10', '41 Hinjewadi, Pune', 'Pune', 'Maharashtra', '912340041', 'Pending', 41),
(42, 'Recipient42', 'B', 2, '2023-04-11', '42 Hinjewadi, Pune', 'Pune', 'Maharashtra', '912340042', 'Approved', 42),
(43, 'Recipient43', 'AB', 1, '2023-04-12', '43 Hinjewadi, Pune', 'Pune', 'Maharashtra', '912340043', 'Pending', 43),
(44, 'Recipient44', 'O', 2, '2023-04-13', '44 Hinjewadi, Pune', 'Pune', 'Maharashtra', '912340044', 'Approved', 44),
(45, 'Recipient45', 'A', 1, '2023-04-14', '45 Hinjewadi, Pune', 'Pune', 'Maharashtra', '912340045', 'Pending', 45),
(46, 'Recipient46', 'B', 2, '2023-04-15', '46 Hinjewadi, Pune', 'Pune', 'Maharashtra', '912340046', 'Approved', 46),
(47, 'Recipient47', 'AB', 1, '2023-04-16', '47 Hinjewadi, Pune', 'Pune', 'Maharashtra', '912340047', 'Pending', 47),
(48, 'Recipient48', 'O', 2, '2023-04-17', '48 Hinjewadi, Pune', 'Pune', 'Maharashtra', '912340048', 'Approved', 48),
(49, 'Recipient49', 'A', 1, '2023-04-18', '49 Hinjewadi, Pune', 'Pune', 'Maharashtra', '912340049', 'Pending', 49),
(50, 'Recipient50', 'B', 2, '2023-04-19', '50 Hinjewadi, Pune', 'Pune', 'Maharashtra', '912340050', 'Approved', 50);

INSERT INTO BloodTransfers (fromBankID, toBankID, bloodType, quantity, transferDate) VALUES
(1, 2, 'A', 10, '2023-05-01'),
(2, 3, 'B', 12, '2023-05-02'),
(3, 4, 'AB', 8, '2023-05-03'),
(4, 5, 'O', 15, '2023-05-04'),
(5, 6, 'A', 10, '2023-05-05'),
(6, 7, 'B', 12, '2023-05-06'),
(7, 8, 'AB', 8, '2023-05-07'),
(8, 9, 'O', 15, '2023-05-08'),
(9, 10, 'A', 10, '2023-05-09'),
(10, 11, 'B', 12, '2023-05-10'),
(11, 12, 'AB', 8, '2023-05-11'),
(12, 13, 'O', 15, '2023-05-12'),
(13, 14, 'A', 10, '2023-05-13'),
(14, 15, 'B', 12, '2023-05-14'),
(15, 16, 'AB', 8, '2023-05-15'),
(16, 17, 'O', 15, '2023-05-16'),
(17, 18, 'A', 10, '2023-05-17'),
(18, 19, 'B', 12, '2023-05-18'),
(19, 20, 'AB', 8, '2023-05-19'),
(20, 21, 'O', 15, '2023-05-20'),
(21, 22, 'A', 10, '2023-05-21'),
(22, 23, 'B', 12, '2023-05-22'),
(23, 24, 'AB', 8, '2023-05-23'),
(24, 25, 'O', 15, '2023-05-24'),
(25, 26, 'A', 10, '2023-05-25'),
(26, 27, 'B', 12, '2023-05-26'),
(27, 28, 'AB', 8, '2023-05-27'),
(28, 29, 'O', 15, '2023-05-28'),
(29, 30, 'A', 10, '2023-05-29'),
(30, 31, 'B', 12, '2023-05-30'),
(31, 32, 'AB', 8, '2023-05-31'),
(32, 33, 'O', 15, '2023-06-01'),
(33, 34, 'A', 10, '2023-06-02'),
(34, 35, 'B', 12, '2023-06-03'),
(35, 36, 'AB', 8, '2023-06-04'),
(36, 37, 'O', 15, '2023-06-05'),
(37, 38, 'A', 10, '2023-06-06'),
(38, 39, 'B', 12, '2023-06-07'),
(39, 40, 'AB', 8, '2023-06-08'),
(40, 41, 'O', 15, '2023-06-09'),
(41, 42, 'A', 10, '2023-06-10'),
(42, 43, 'B', 12, '2023-06-11'),
(43, 44, 'AB', 8, '2023-06-12'),
(44, 45, 'O', 15, '2023-06-13'),
(45, 46, 'A', 10, '2023-06-14'),
(46, 47, 'B', 12, '2023-06-15'),
(47, 48, 'AB', 8, '2023-06-16'),
(48, 49, 'O', 15, '2023-06-17'),
(49, 50, 'A', 10, '2023-06-18'),
(50, 1, 'B', 12, '2023-06-19');

INSERT INTO Staff (staffID, name, password, contact, role) VALUES
('staff001', 'Staff1', 'pass1', '020-2221001', 'Manager'),
('staff002', 'Staff2', 'pass2', '020-2221002', 'Technician'),
('staff003', 'Staff3', 'pass3', '020-2221003', 'Manager'),
('staff004', 'Staff4', 'pass4', '020-2221004', 'Technician'),
('staff005', 'Staff5', 'pass5', '020-2221005', 'Manager'),
('staff006', 'Staff6', 'pass6', '020-2221006', 'Technician'),
('staff007', 'Staff7', 'pass7', '020-2221007', 'Manager'),
('staff008', 'Staff8', 'pass8', '020-2221008', 'Technician'),
('staff009', 'Staff9', 'pass9', '020-2221009', 'Manager'),
('staff010', 'Staff10', 'pass10', '020-2221010', 'Technician'),
('staff011', 'Staff11', 'pass11', '020-2221011', 'Manager'),
('staff012', 'Staff12', 'pass12', '020-2221012', 'Technician'),
('staff013', 'Staff13', 'pass13', '020-2221013', 'Manager'),
('staff014', 'Staff14', 'pass14', '020-2221014', 'Technician'),
('staff015', 'Staff15', 'pass15', '020-2221015', 'Manager'),
('staff016', 'Staff16', 'pass16', '020-2221016', 'Technician'),
('staff017', 'Staff17', 'pass17', '020-2221017', 'Manager'),
('staff018', 'Staff18', 'pass18', '020-2221018', 'Technician'),
('staff019', 'Staff19', 'pass19', '020-2221019', 'Manager'),
('staff020', 'Staff20', 'pass20', '020-2221020', 'Technician'),
('staff021', 'Staff21', 'pass21', '020-2221021', 'Manager'),
('staff022', 'Staff22', 'pass22', '020-2221022', 'Technician'),
('staff023', 'Staff23', 'pass23', '020-2221023', 'Manager'),
('staff024', 'Staff24', 'pass24', '020-2221024', 'Technician'),
('staff025', 'Staff25', 'pass25', '020-2221025', 'Manager'),
('staff026', 'Staff26', 'pass26', '020-2221026', 'Technician'),
('staff027', 'Staff27', 'pass27', '020-2221027', 'Manager'),
('staff028', 'Staff28', 'pass28', '020-2221028', 'Technician'),
('staff029', 'Staff29', 'pass29', '020-2221029', 'Manager'),
('staff030', 'Staff30', 'pass30', '020-2221030', 'Technician'),
('staff031', 'Staff31', 'pass31', '020-2221031', 'Manager'),
('staff032', 'Staff32', 'pass32', '020-2221032', 'Technician'),
('staff033', 'Staff33', 'pass33', '020-2221033', 'Manager'),
('staff034', 'Staff34', 'pass34', '020-2221034', 'Technician'),
('staff035', 'Staff35', 'pass35', '020-2221035', 'Manager'),
('staff036', 'Staff36', 'pass36', '020-2221036', 'Technician'),
('staff037', 'Staff37', 'pass37', '020-2221037', 'Manager'),
('staff038', 'Staff38', 'pass38', '020-2221038', 'Technician'),
('staff039', 'Staff39', 'pass39', '020-2221039', 'Manager'),
('staff040', 'Staff40', 'pass40', '020-2221040', 'Technician'),
('staff041', 'Staff41', 'pass41', '020-2221041', 'Manager'),
('staff042', 'Staff42', 'pass42', '020-2221042', 'Technician'),
('staff043', 'Staff43', 'pass43', '020-2221043', 'Manager'),
('staff044', 'Staff44', 'pass44', '020-2221044', 'Technician'),
('staff045', 'Staff45', 'pass45', '020-2221045', 'Manager'),
('staff046', 'Staff46', 'pass46', '020-2221046', 'Technician'),
('staff047', 'Staff47', 'pass47', '020-2221047', 'Manager'),
('staff048', 'Staff48', 'pass48', '020-2221048', 'Technician'),
('staff049', 'Staff49', 'pass49', '020-2221049', 'Manager'),
('staff050', 'Staff50', 'pass50', '020-2221050', 'Technician');

select * from recipients;

select * from bloodinventory;

select * from BloodRequests;

ALTER TABLE Donors
  CHANGE COLUMN donorID donationID INT NOT NULL AUTO_INCREMENT,
  DROP PRIMARY KEY,                                    -- if donorID was previously the PK
  ADD PRIMARY KEY (donationID);
  
  drop table donors;
ALTER TABLE Donors
  CHANGE COLUMN donationID donorID INT NOT NULL AUTO_INCREMENT,
  DROP PRIMARY KEY,
  ADD PRIMARY KEY (donorID);
  
SELECT DISTINCT bloodType FROM BloodInventory;
INSERT INTO BloodInventory (bloodBankID, bloodType, quantity) VALUES
(1, 'B', 0),
(1, 'AB', 0),
(1, 'O', 0);
